{"color":{"r":0.9333333333333333,"b":0.9568627450980391,"g":0.9450980392156862,"a":1},"name":"gray-lighter","category":"Colors","index":10}