{"index":13,"name":"HEADING 6","textStyle":{"fontSize":14,"lineHeight":21,"fontPostscriptName":"SFUIDisplay-Medium","color":{"r":0.2705882352941176,"b":0.392156862745098,"g":0.3333333333333333,"a":1}}}