{"index":6,"name":"Heading 3","textStyle":{"fontSize":18,"lineHeight":27,"fontPostscriptName":"SFUIDisplay-Medium","color":{"r":0.2705882352941176,"b":0.392156862745098,"g":0.3333333333333333,"a":1}}}