{"color":{"r":0.5490196078431373,"b":0.6235294117647059,"g":0.596078431372549,"a":1},"index":11,"name":"text-color-light"}