{"index":10,"name":"Heading 5","textStyle":{"fontSize":15,"lineHeight":22.5,"fontPostscriptName":"SFUIDisplay-Medium","color":{"r":0.2705882352941176,"b":0.392156862745098,"g":0.3333333333333333,"a":1}}}