{"color":{"r":0.2980392156862745,"b":0.7568627450980392,"g":0.7529411764705882,"a":1},"index":5,"name":"Teal  |  Monitor"}