{"index":3,"name":"Heading 1","category":"Text styles","textStyle":{"fontSize":24,"lineHeight":36,"fontPostscriptName":"SFUIDisplay-Medium","color":{"r":0.2705882352941176,"b":0.392156862745098,"g":0.3333333333333333,"a":1}}}