{"color":{"r":0.2705882352941176,"b":0.392156862745098,"g":0.3333333333333333,"a":1},"index":7,"name":"gray-base | text-color-dark"}