{"index":15,"name":"Label","textStyle":{"fontSize":12,"lineHeight":24,"fontPostscriptName":"SFUIDisplay-Semibold","color":{"r":0.5490196078431373,"b":0.6235294117647059,"g":0.596078431372549,"a":1}}}