{"index":1,"name":"Display 2","textStyle":{"fontSize":32,"lineHeight":48,"fontPostscriptName":"SFUIDisplay-Light","color":{"r":0.2705882352941176,"b":0.392156862745098,"g":0.3333333333333333,"a":1}}}