{"color":{"r":0.403921568627451,"b":0.2823529411764706,"g":0.7411764705882353,"a":1},"index":0,"name":"Success | Support"}