{"color":{"r":0.4196078431372549,"b":0.4823529411764706,"g":0.4588235294117646,"a":1},"name":"text-color-base","category":"Colors","index":12}