{"color":{"r":0.2274509803921569,"b":0.8549019607843137,"g":0.6823529411764706,"a":1},"name":"Primary  |  Apps","category":"Colors","index":1}