{"index":4,"name":"Heading 2","textStyle":{"fontSize":21,"lineHeight":31.5,"fontPostscriptName":"SFUIDisplay-Medium","color":{"r":0.2705882352941176,"b":0.392156862745098,"g":0.3333333333333333,"a":1}}}