{"color":{"r":0.1450980392156863,"b":0.2431372549019608,"g":0.192156862745098,"a":1},"index":6,"name":"gray-dark"}