{"index":2,"name":"Display 3","category":"Text styles","textStyle":{"fontSize":28,"lineHeight":42,"fontPostscriptName":"SFUIDisplay-Light","color":{"r":0.2705882352941176,"b":0.392156862745098,"g":0.3333333333333333,"a":1}}}