{"color":{"r":0.8941176470588235,"b":0.9176470588235294,"g":0.9058823529411765,"a":1},"index":9,"name":"gray-light"}