{"color":{"r":0.5529411764705883,"b":0.6274509803921569,"g":0.6,"a":1},"name":"gray-medium","category":"Colors","index":8}