{"index":12,"name":"Body","textStyle":{"fontSize":14,"lineHeight":21,"fontPostscriptName":"SFUIDisplay-Regular","color":{"r":0.4196078431372549,"b":0.4823529411764706,"g":0.4588235294117647,"a":1}}}