{"index":9,"name":"Body Large","textStyle":{"fontSize":16,"lineHeight":24,"fontPostscriptName":"SFUIDisplay-Regular","color":{"r":0.4196078431372549,"b":0.4823529411764706,"g":0.4588235294117647,"a":1}}}