{"color":{"r":1,"b":0.3215686274509804,"g":0.6745098039215687,"a":1},"index":2,"name":"Warning  |  Reports"}