{"color":{"r":0.7019607843137254,"b":0.788235294117647,"g":0.7490196078431373,"a":1},"name":"text-color-muted","category":"Colors","index":13}