{"color":{"r":0.984313725490196,"b":0.3568627450980392,"g":0.4196078431372549,"a":1},"index":3,"name":"Danger  |  Marketing"}