{"index":0,"name":"Display 1","textStyle":{"fontSize":36,"lineHeight":54,"fontPostscriptName":"SFUIDisplay-Light","color":{"r":0.2705882352941176,"b":0.392156862745098,"g":0.3333333333333333,"a":1}}}