{"color":{"r":0.4823529411764706,"b":0.796078431372549,"g":0.4588235294117647,"a":1},"index":4,"name":"Purple  |  People"}